X_Coordinate,Y_Coordinate
0.22239376072611608,0.21284278667092738
0.25204005409890645,0.39292855351546385
0.38780101550811685,0.23275803426034872
0.28481844944184637,0.3908722956995548
0.38509283566074354,0.2188538112415294
0.32043827760544297,0.36542605671677325
0.3910295931508223,0.2941622737828174
0.25149490428541377,0.3315235135862512
0.21935085339515592,0.34222898514211186
0.31732341206076536,0.2406895162775594
0.2892509952407391,0.20286455195462383
0.23541659770645043,0.31213492525197073
0.20799908003102233,0.3745651830745916
0.2760890123710595,0.3474169602567074
0.3335796985859612,0.31080841248768076
0.3088490877869647,0.36574987378281715
0.235702493692246,0.20274274683210602
0.25097359825326215,0.2636824105074366
0.3628603911855322,0.3650949122565742
0.31321515485221846,0.33275975244993283
0.2751443068130752,0.35838630890177053
0.280784801330911,0.3112138134488778
0.3191566142867582,0.28877322132240335
0.35466769389058433,0.3956959602845533
0.31300493942244717,0.33227071395027064
0.23476135539113752,0.3328416573343893
0.3707121382741609,0.266388523428544
0.3879626318113248,0.38561345781731493
0.3988209853397215,0.2939144291388732
0.21260057632810417,0.38210578372734816
0.27872777518329345,0.2419691567158203
0.35656374996855283,0.27541569996963416
0.21405007967835424,0.33391784785521583
0.3444366996222521,0.36498326215788324
0.2301292911932891,0.27718711241070726
0.23150621956735962,0.26668750058645674
0.2678633910417166,0.3521589809759266
0.22720451746585346,0.3992558744303148
0.30136148003596785,0.25088582333757115
0.36896566644188905,0.38257392565829906
0.2837352630798895,0.36869246097251557
0.3525134731827136,0.2329424582899093
0.20712567678825766,0.35381717172927335
0.384794373685377,0.29264417325605446
0.3342610466922815,0.3568104646793061
0.28368078285901066,0.20104134333988985
0.2545565067852239,0.3034237065888517
0.2913401716217149,0.30043137564286054
0.39858294954638507,0.22662821748024625
0.340133648891247,0.23789573131765235
0.34565660731563186,0.2646930928810721
0.2102764154025974,0.2879097812743533
0.25609746857814875,0.24365788919672993
0.3100033775942059,0.36143740689492365
0.2666726051983538,0.3802580972259124
0.2559170117005507,0.2456216450525015
0.2094035930018533,0.3607189833681355
0.2110054315647543,0.3663291551867245
0.349786247625016,0.32764626397503793
0.3411732115080307,0.29950993806355103
0.3279709761764703,0.2739781662504728
0.356867039397611,0.2644789236462305
0.21089228546991154,0.21497859217506665
0.3743240318479183,0.2395672600947867
0.2577290776037186,0.3009032183019777
0.27510545034702166,0.2514446794010264
0.32822785596074555,0.3174778395066436
0.27654328913895476,0.3801462346297423
0.2921702443456292,0.31874083803687153
0.3028496807494177,0.2718492551465079
0.28244320876980167,0.36671715483967204
0.23475146822849718,0.3197608921605564
0.27053669280737286,0.38016118533946375
0.2711057650200267,0.3936272791953976
0.3718960457661775,0.2611561834512791
0.28631738064500784,0.3555268366350334
0.24056826293349431,0.2751385521636514
0.2069629192279229,0.30166851549122053
0.3334578318186535,0.38950768261045216
0.20650870196861337,0.3011501006355073
0.20959596592541715,0.33234255703408444
0.3337633629773673,0.24440827276283372
0.24941711668756278,0.3424615633983797
0.29107467741711535,0.2550667914355372
0.21365522890108102,0.3026379038428098
0.3231014171927704,0.35885438914765366
0.3060563230396426,0.37495482402245345
0.35262686615264915,0.36178199514077547
0.24892178915404461,0.2675707699643585
0.37143967053353066,0.35650053711114327
0.21146717029524967,0.22681637975481048
0.22933033276483208,0.34600091391804483
0.25264996509271553,0.3786880064554073
0.37273974762490625,0.20455678119617732
0.2415908294091953,0.2782460136837757
0.33948916490172365,0.2811412097442807
0.3190179003250813,0.28276559903073734
0.2146291019392396,0.2043092086228383
0.3876650811685593,0.39950161250474253
0.3792718808449499,0.21768865855465935
0.24296347276807392,0.23741404053905954
0.31259386709465276,0.2564259788278873
0.2641666200690211,0.35669558251226147
0.2106130223907479,0.2375297051333374
0.3755191415018667,0.2676204661169107
0.33907150592982027,0.2530093759315859
0.3851675088284945,0.2216860894272853
0.324705816511568,0.3938408385387858
0.2163525483068276,0.2917790211908328
0.28525641921557265,0.20636382882507529
0.3834056001310372,0.36895115040053533
0.2939537372862015,0.20110737155487116
0.29118800197623446,0.30480595363327073
0.23111668328179308,0.2750151029013488
0.3105616748154691,0.2549728913181611
0.29200590577681407,0.2168637160070751
0.31138671460030176,0.324813506808437
0.2019228650287488,0.2715324156798684
0.23018012672595747,0.2581411490285078
0.2651311298872998,0.30448334176553377
0.2875396010086876,0.2956415283908896
0.239521066645614,0.22036323726069013
0.25740383684807344,0.3236034755123417
0.21975812521298113,0.295931445932314
0.31417455378264864,0.2995441326936015
0.3686931032056349,0.2811791526051988
0.36820669140673157,0.38059080161905356
0.3123764971310504,0.299792135904487
0.28136289269896797,0.280952161136829
0.2907274211684316,0.3053419329550552
0.34872799404603494,0.2550309817678584
0.22376456564155467,0.27794887015735875
0.3351667066621259,0.383715039449479
0.24972981465356373,0.29594786360001957
0.2663184215398186,0.37470446921339695
0.33991625797997305,0.2528019587635787
0.38789402801588807,0.26451950200356006
0.3732081052543678,0.25882427627337756
0.2312997973840689,0.30014971478245367
0.3304409150404842,0.20148616444016454
0.2980429923576046,0.2816150075009424
0.28907887800043913,0.38143528608256516
0.22195391674993198,0.3799185529731853
0.23405503855281373,0.25645784964790536
0.29037110341666345,0.37161517568289815
0.21559453786859997,0.29915913333397887
0.29951254699789537,0.363949830475411
0.388770879902103,0.35899264907210293
0.3596792984819333,0.2585200318408453
0.3211892785529053,0.28869955125421537
0.3259697465401433,0.21926915037094621
0.20789102216550437,0.3897499712844979
0.264950440713423,0.36785125422791454
0.3346603915548565,0.31838546079538743
0.3951577834741599,0.29111804052824863
0.2511386110599884,0.3643210404827809
0.2717998999448635,0.24259258501472367
0.2348070211250524,0.3199607670049902
0.3232771195371963,0.3789964653197899
0.24068717797270534,0.20630134677721834
0.25502217864845034,0.23635295913612234
0.3732644843095581,0.2020643568739165
0.3780195856138538,0.3241212043718851
0.3495709148488667,0.26905855488354113
0.36163865333167766,0.3885804954512709
0.29722737818456174,0.37830873863883374
0.37709638520000943,0.39927647170019526
0.3095520553972324,0.3841282934156356
0.29397109004047206,0.2652273901102009
0.21786758191065347,0.2889610615158194
0.3817237817749725,0.3151225996668854
0.2766057253492727,0.21072034415514193
0.37772167220149566,0.2586387531670904
0.2906136727839794,0.3438415009850948
0.30387529841525407,0.22664040554397402
0.39581871719459655,0.32834986839379265
0.32114771608810033,0.32981776578543986
0.24469129828094766,0.2738329743434471
0.31591287925957334,0.2962901326754116
0.3338603534640854,0.23592076482666963
0.34877411029379257,0.2532894112932135
0.3567592195858029,0.38508089250929983
0.37728136857748357,0.23306841111840668
0.314509405299556,0.24380147256600593
0.24278291599654844,0.2899761725581248
0.37161819376898764,0.25523071051639473
0.2187273319972277,0.2124987499534436
0.21885201040863364,0.2352589195760031
0.2543599055707678,0.33826044508597897
0.22471230707414377,0.23134160154443506
0.27636413775673385,0.3680844653806205
0.3243210918822316,0.256125786411291
0.2672169792172399,0.3359550587158794
0.3836871864227625,0.3593035545924834
0.24318531731785084,0.36791552325789467
0.36640184547886545,0.2568054197626717
0.21631276503242275,0.20785491742343265
0.333162943898337,0.24803015075498575
0.2084195219201943,0.3580886889475185
0.22567074892648362,0.22187614819891907
0.2667563476679673,0.25172381201278105
0.22711905904068552,0.281075987269602
0.22588711863516628,0.31979958630382976
0.3253764140900832,0.21460112389354213
0.3517065660762202,0.34838994273704504
0.21355337939049243,0.24088816320335982
0.29254504041046053,0.37532619950155627
0.2128130199206658,0.31698192222152466
0.25369134698662865,0.21505361400033995
0.2815875739212399,0.28228688287564563
0.28839234454191803,0.3105992551851747
0.3182548960154107,0.37517299692124434
0.2408051312715588,0.21055905558595606
0.38744206101333595,0.2854864459329469
0.2919253255240475,0.39881467048408836
0.34169330160037226,0.39362586226860985
0.2185286228672055,0.21086102988269084
0.3415491449787852,0.20071183661944886
0.38794280487572314,0.3352182297570618
0.28686133835031125,0.2822698693390747
0.34906297550759435,0.24853946779829483
0.3681321627916694,0.214817881295842
0.3133288413645524,0.20274556098665175
0.3029645103550913,0.27321780447491956
0.2497843628960965,0.3019296685096715
0.33365119232243323,0.34692170045915394
0.234796469364734,0.23029502864721135
0.2979557894116481,0.388685990052933
0.31886959947556215,0.30996807098357504
0.2609494920807157,0.2541432118481515
0.3533845442117645,0.21803737888391614
0.2821668933613634,0.2577887841108961
0.33249807821767474,0.2906038038093709
0.3484217710102721,0.2103084654319205
0.3422219478229146,0.37161007857764106
0.23024555072638198,0.33203547572498204
0.21406975849900522,0.22724490460425623
0.30476784811001323,0.3041821285048558
0.3529039816692556,0.22342678032978194
0.33944228764895124,0.3134170736606221
0.35406478994858226,0.23748830874423726
0.3048689990795052,0.309050956411402
0.2665557198637828,0.2316151593825767
0.2773302874517461,0.2572012859397289
0.3869780466447379,0.3478808825811908
0.2490078771663437,0.22900733841371068
0.20374486236274975,0.29399317871903113
0.25413011518705964,0.2137927299484426
0.29778946472415174,0.39018109155462216
0.3652013499596196,0.3194632699756864
0.3526525068953684,0.21266127662431442
0.2799960806554444,0.34897662613559277
0.35948541359831276,0.2969604652761989
0.2483112498573331,0.3466628246125695
0.380195365959809,0.26771755346802667
0.25986321474752305,0.29545487471357157
0.2588423729997438,0.3137622724198264
0.36616219752322865,0.32001918517258626
0.20169966852949828,0.24887979155280765
0.35749719623988263,0.26476688816639005
0.297610232727949,0.3796046300634856
0.37720805159603155,0.38479496576053734
0.3392856949461467,0.24470906595721417
0.35142655896648234,0.2637731721290885
0.3279984255996701,0.24256177165700477
0.22140770998365833,0.29694184482207203
0.25177907004137734,0.21076323783371456
0.2901879267344241,0.3268814269217658
0.3144883979473262,0.34872719458141
0.30041390560967896,0.2876481911942577
0.39049011373648884,0.22796928568693453
0.24882814162556952,0.22522107677518036
0.37910190743150823,0.2847264072893847
0.38487914517601884,0.3306677070495233
0.21846744337826363,0.2538532870799533
0.351510878840146,0.30807784294664164
0.25534896763174214,0.3985013213436923
0.2954518377169832,0.23946626607052887
0.2412120276504336,0.3544599804959502
0.26898583419777605,0.273872739525727
0.21253209728422912,0.22075825225832396
0.36923826804002813,0.3802655344967812
0.2776562703148862,0.3313728040467743
0.3420063238963346,0.24644106754559905
0.2713382227165774,0.3982537771434963
0.2976884988259428,0.3093882468451784
0.2593141271108347,0.238316089082952
0.2571860742860081,0.33607755462961164
0.23049004887692254,0.3701155659018549
0.24287199157339157,0.20869350785696952
0.3710958789389903,0.34772095788543456
0.28851146460657084,0.2437048789789067
0.29087958340484904,0.3034591254445855
0.31043888730005276,0.23032291976572167
0.23754689583584357,0.39896594299543353
0.3892399216615996,0.25034271690860543
0.216767394495761,0.3619030311015235
0.3757026397115826,0.26562793598397033
0.25464601494295236,0.23710838918610527
0.3531825042669458,0.22943148085734977
0.372311226438101,0.21398557921258735
0.31832359357620005,0.27856638983542953
0.2074825309501016,0.2927870362209556
0.3738169374372491,0.26098276286586736
0.3365949160644237,0.29673685272992595
0.26098503243960475,0.3044901992066455
0.3983393661327547,0.24867930783673944
0.3055830825806347,0.29359698997494577
0.25922934157419525,0.23528667613391618
0.37630076933007167,0.2099457631488744
0.21022847374170053,0.328766020136416
0.39386806989993,0.2050746442889922
0.2477338063834663,0.3224379116533439
0.32121058792491847,0.3047242564819103
0.27881413031679725,0.3302162493743305
0.36428789149239044,0.28783048145593965
0.37520428096283415,0.23835464295197198
0.21384822554966165,0.3329251017609748
0.33506984718086663,0.25663778855190444
0.24273880968071293,0.28332681473212773
0.2853025369604393,0.340117303067736
0.3284545168041745,0.34428656438403177
0.271930883996081,0.39963740571673145
0.23107444423427692,0.30759250536424876
0.2228198139968202,0.32821328237903824
0.2288183028255426,0.36588945408939033
0.38451273469420977,0.25233447155386546
0.31938637132284436,0.35636290181360347
0.3388879708191993,0.3616248215588421
0.33061723657880937,0.29312161257224856
0.36473904140711355,0.22331441356333656
0.23158477618332599,0.2014429345421541
0.2688316945196166,0.25818833992395607
0.23548238746788774,0.32111477338058525
0.23861817256619902,0.25526448232778226
0.38527292778627054,0.21295351472993013
0.22498146276414016,0.2898451509629141
0.25824293951373445,0.2727476642116036
0.36461979659040594,0.3102370643153246
0.38141875703084244,0.26920057560606897
0.2989434412807498,0.21320209192707518
0.25896059600566945,0.30379454701390307
0.21236472733732686,0.2611899345042982
0.28804443858307305,0.26224692815903483
0.33302175699790937,0.3654848860134669
0.3319782974263299,0.3705861285434242
0.3471108869554963,0.28855246074301566
0.3534223140928316,0.2743696758330606
0.2254513273139498,0.30235905251104167
0.2849653768839797,0.30693035066705093
0.30586928400205865,0.329034859649472
0.34766369930577,0.26510234726872495
0.20986013250769414,0.3790068553807841
0.2735018295106593,0.23630084420787312
0.38955378650310263,0.2618322079690491
0.3280875903867296,0.2813732435287142
0.3320798036820367,0.23700551000124015
0.29061862209742584,0.3349321038206334
0.3772433828963695,0.3109693616055811
0.2239879122590026,0.3248528855103455
0.3624683822774802,0.32882368186414473
0.3078116361236776,0.2842592106561691
0.20271989425234482,0.39414493118272864
0.27681738375875414,0.2175592473479989
0.3523342479148071,0.246019011640796
0.20035249759856877,0.3119588181935225
0.3479215322290353,0.38995176492205974
0.29425100717959146,0.25277860406002595
0.3176118183473708,0.3326360136407932
0.37510851190751754,0.30227041782141
0.24187805279280275,0.32416341672767224
0.25726273487334156,0.3536438180539161
0.2015706910266596,0.3410027145443288
0.22393580614299602,0.20234183584430987
0.2223584415990295,0.3821773144573206
0.30005424504685585,0.2246395286891324
0.23632625272881536,0.3004167296371501
0.3446282128465973,0.2662300578590488
0.270907725688931,0.21044179492444537
0.36432215771782733,0.2592484110173856
0.25267668609013183,0.3472079113899612
0.33497606885719994,0.3862954196647391
0.2136546258333901,0.33233093263969454
0.3177855009939029,0.3025269343143368
0.33931782666714694,0.29478570072481997
0.3276453803074342,0.24726969166113813
0.34429019758579893,0.25198847036996924
0.2648477953644218,0.3577642548847914
0.28552288849963425,0.3751838337809708
0.25999869064284564,0.21963889550372215
0.2935138883762266,0.24392244496444332
0.2765558840665032,0.2379957102982521
0.37910383776494383,0.32191565351636064
0.22947408758352006,0.2796894475759182
0.3734006463036696,0.30070932038198317
0.32676520012519944,0.2722872777329846
0.2095200272286851,0.21657370106160756
0.37199958916588366,0.3443291890801917
0.2689502671595269,0.35625195540558197
0.38140110739010474,0.33074310258751416
0.336889813002898,0.3392663277739302
0.3298678957896716,0.22565751694390257
0.2594690806722987,0.25216802460983384
0.39283428005355786,0.3830975472131357
0.23713796826065034,0.33113380880529564
0.3774785204366119,0.2831160885167823
0.372785308949851,0.384321360031405
0.36503203162786213,0.2967162673583739
0.3827397161788716,0.3652203020075807
0.21655355599317205,0.3787071788483539
0.3421549523393653,0.33720816691276434
0.3872752793435764,0.36598814785878075
0.30422796803696955,0.23583451239419717
0.2619943951831837,0.26129098011376306
0.3675809363480301,0.39069244667832453
0.3993433570191903,0.32752569505622964
0.2581364688884763,0.38573980071628683
0.31574173497745606,0.39836138207533756
0.24318403372370145,0.29627635194957114
0.3014034498143917,0.284408864797832
0.20507784756899594,0.3559259914414636
0.3430753015022347,0.26092013498334293
0.30374954500194673,0.32813587430546043
0.3720797251072334,0.3620311165285732
0.29263907934427624,0.3021309029819651
0.35743917917689233,0.2054904696695045
0.3546810904381365,0.30857103817388215
0.38093873256957145,0.3060202176488261
0.27699797249905894,0.3078468834041587
0.27641766042393157,0.2762126516635012
0.31086816841247167,0.3226698980393739
0.3064400211877745,0.2679048031276755
0.3186585314636849,0.23357075270721475
0.30120422175614203,0.3316507291191876
0.36234981018584633,0.28063928889431156
0.33643082897427473,0.20279693186993417
0.2768819315795809,0.3673457948283372
0.35643310802832917,0.2707896861313063
0.3658895913450997,0.3021732983633821
0.3430714942078688,0.2166912552105542
0.39254551298102963,0.3888527486126836
0.3960454150788109,0.23540160449532607
0.3321941245968979,0.21736157986878515
0.38225840642429004,0.2598483472976192
0.21332739137626588,0.35426419124897024
0.24011583589536092,0.3528016574508819
0.3034501529833067,0.2333654120980461
0.270975739028259,0.263216961660786
0.37920760424242833,0.23827364406499252
0.21688003622367416,0.20331493147323312
0.37423884340038516,0.3501741551456151
0.38503180231049855,0.383050844366494
0.39541624797819813,0.3604244149499853
0.33056315483734977,0.307406167344145
0.21223337466315126,0.34526559563132736
0.3738758142149724,0.3510948383398085
0.3264729665263012,0.3800143479254003
0.307836924093346,0.26507916081492006
0.312533793089024,0.23357497024476773
0.38994068592469455,0.262673365334832
0.3387494750549714,0.3465558840212307
0.31110159625055006,0.253845788313029
0.25969986220871843,0.29950418917214633
0.22366230436848447,0.22636021158017597
0.3249457200643241,0.3902735660581729
0.2825609108823926,0.22735243567358818
0.30190709467581084,0.2993652641621568
0.27724551641584716,0.21277931215041077
0.39077296143152107,0.3332316929873109
0.29736017437060175,0.20152250524911164
0.3275172708761364,0.308440321561746
0.28884104834454,0.25172618556819726
0.35645611340007,0.33896163375204647
0.3859897836688937,0.24530389917893336
0.30851743131688114,0.3965361643331507
0.20562340360207723,0.27789790485695676
0.26724146526148107,0.25508829779981157
0.2775297675471123,0.247391746430062
0.3553754960965344,0.3701704200261961
0.28700004223603426,0.2929271618196794
0.28829517338644023,0.20699087957729814
0.3472182734515662,0.3010796830450297
0.3406117551815566,0.21440250172990302
0.31129446089313506,0.3957491650331376
0.2077314631369869,0.3997649654889388
0.2695967512155756,0.33981363712322044
0.2967528435668898,0.23276672444143412
0.27073040543768984,0.22906800978077407
0.2796103543815126,0.20429924932783688
0.310766282554421,0.2470759948506832
0.31881743603643453,0.2911292895913832
0.3260803291208393,0.35828376695875447
0.3207689931887553,0.2587349772817392
0.3037118261798091,0.3893205029351656
0.3975054323933749,0.21799032336965815
0.3856336838648552,0.3324625568920615
0.3171284970812262,0.3584394454391902
0.3287128558075607,0.2244050419973431
0.3883745843279056,0.2829234464124328
0.2192799755625474,0.3792541389806311
0.3649074125608408,0.2009917805299658
0.3339611339146923,0.2960825357661498
0.3404624576377828,0.36141793098773933
0.2149463489725106,0.2923397945085757
0.21830755175159405,0.3924664970861885
0.31230070209045036,0.37473196719486557
0.2271834226254441,0.27443592645049836
0.3722212024716386,0.36557020405297636
0.33974954891679543,0.27899893206237203
0.2563187830614843,0.3879484333752865
0.3673291969953378,0.39769547097768493
0.28969229119141493,0.26934126702957745
0.20144169286061275,0.2786516331026129
0.2947110334716511,0.35391056726919695
0.3511120818217756,0.2294952583026568
0.32649385874037384,0.34807024358495353
0.24967433223566798,0.3926043369225393
0.28558122093490196,0.3959013672571677
0.21436961029927357,0.3488412367789032
0.31789348428426345,0.22646222164992053
0.3768144394580397,0.2993489668053396
0.22116344409552044,0.23567827755936777
0.3503867195918827,0.3075381179780732
0.3610698519223589,0.32957867437726857
0.25432428053645256,0.24065421530339323
0.24466353723642895,0.31593904521968075
0.32909500946990355,0.21951062258899218
0.2832727565677874,0.3165553625091041
0.22601925498297726,0.26402038040119946
0.37841589949930454,0.3868855784497111
0.36528058154774545,0.3416723936632009
0.34692231892607506,0.22029925133225092
0.3394376667553292,0.39390344489230966
0.37246764151818446,0.23072263807575732
0.2204525678575915,0.3510591907807057
0.388812021414692,0.23819548608645313
0.3224244831227823,0.2517881618455671
0.25245928527492434,0.23953827335032907
0.3953455874534782,0.3694492359423873
0.20236252717881276,0.31288782405804405
0.3500850780734755,0.2998979230574278
0.22667714689103952,0.3389094631998135
0.395540338891,0.20032152759418767
0.23269400777396596,0.2690464479129679
0.24067622847800607,0.2472544350001157
0.27374273141730415,0.27845824365006056
0.3134589796865712,0.2976109148050022
0.2862588646796482,0.2215548441514305
0.30958300901616215,0.3344027942320538
0.36051233020905704,0.3020811753738278
0.3323341780886985,0.3450436269837531
0.288183271369742,0.24903046696883466
0.24275123209561217,0.20785975605130996
0.3742822667424109,0.22419035697254897
0.36755902416143804,0.23870052547720386
0.2742354501550843,0.3004209228356053
0.20741351739116742,0.2434401839500714
0.35690237377010214,0.31937808031016085
0.21088180264581285,0.3293952800054318
0.3977118220202132,0.3549367418825043
0.35592461407583004,0.21109265927635304
0.3414156354569499,0.28643406785081715
0.27225224926198294,0.2106007221424199
0.3394779475304581,0.3714554894039132
0.2613439322862558,0.22504030158689853
0.31244656327134424,0.3941064699017204
0.20232013864875675,0.2744497958672303
0.3108848478193562,0.34670430522262363
0.2864163003139428,0.22833456215715037
0.35324162953918953,0.3668115670500075
0.3389895862549184,0.2618426920887803
0.27512733939069006,0.334021145765651
0.3090554264711086,0.24458980839736288
0.36022040317026893,0.22746135215012062
0.28451217103484755,0.376006224387601
0.3271244724747291,0.3012054663714417
0.2180085571138074,0.3368966314191207
0.2330529712564426,0.2879497939161728
0.22261546922042574,0.2921272978774542
0.32239908939965883,0.32842607537217355
0.2505162790817841,0.212028635216971
0.31776401103981294,0.3264441383889398
0.33056735770312595,0.2984300716986057
0.3808146264151594,0.24420977156818557
0.2652138068913403,0.37239389797684946
0.3355999004864565,0.38519694513126196
0.38272989291492876,0.35907160002087185
0.30652607904290297,0.33687703362028765
0.3968286975003438,0.3160437475280469
0.2975371274922134,0.24764015723644062
0.36837501999885125,0.37999365845081257
0.24301977850227208,0.37672717155634583
0.3810604575327061,0.2653233196476831
0.2995838435880022,0.3873513690066736
0.3690624969302937,0.2602644560630037
0.24514372955214192,0.3235649294446611
0.34264875690879004,0.3132102383522614
0.33832635196512917,0.2562778489562466
0.23531299636735184,0.28868579369155556
0.25345504342781583,0.37404432988166175
0.3620244206982994,0.3966251283863456
0.21985206117836195,0.2615330278193375
0.3503862534580101,0.35160261376572133
0.2543040144444858,0.26497083884339906
0.3414648309040623,0.26292047488941883
0.2614021009540544,0.2557701280520816
0.39689643153055604,0.3544160536853907
0.2626296136299759,0.21301003107520078
0.3404355279770741,0.2422798439159439
0.35030091950733877,0.28508752261804193
0.3920369997262043,0.2899695205446256
0.3912950646532838,0.3770390327710339
0.34754313502183354,0.2730711136639923
0.26330509815388614,0.22579430032033676
0.37672996975184947,0.2575276056655493
0.3326300383795877,0.2941263293653822
0.3135287338016862,0.2506985822933614
0.3556713893215325,0.3361856420439304
0.21175812301068397,0.23514606063942037
0.3658832981252549,0.3537200141064694
0.3023294164357248,0.32367471767053513
0.390427487353589,0.39444742742230293
0.3425099622457945,0.2930829964342832
0.2181301608787834,0.3609458914990559
0.2650198159750695,0.26855327456127565
0.2678754633209517,0.3663189519880073
0.32910086560738494,0.2431681806198088
0.22798911744141404,0.3375184340817253
0.2959334822770382,0.3886327931640991
0.37800856547564243,0.3093897838577304
0.24040125434989737,0.23065684526909924
0.2626560539286773,0.2225326053616539
0.3264893123596161,0.3386798681218379
0.22893017906282032,0.24827926965667363
0.37903023970060923,0.39883821606327596
0.26675187381184057,0.33684181663396606
0.24804533544966734,0.31700885924575456
0.272447668279596,0.36935934125864833
0.33309695647242193,0.38606434424991054
0.3798518476336503,0.32487811303878955
0.36723603119147685,0.334666837701569
0.3580891683448677,0.21852948038932704
0.20351219927695083,0.28751629539162715
0.3447115742554867,0.3103286163312105
0.30665586955504454,0.2640230814680012
0.2418429110684816,0.20908540892081767
0.37776964041234073,0.33150891192661136
0.37701803221667163,0.3560945385069375
0.25909713206174484,0.30543622207079413
0.3958962515125687,0.38133883494337967
0.3549938654755007,0.20952917343069083
0.22059436395526988,0.3296032124007867
0.3832070483899225,0.2735405676239359
0.2014829143014455,0.30467323624334003
0.27297840245807187,0.35313227094073074
0.24277660633105447,0.3418230796594179
0.3465803860224088,0.22311289681041105
0.39969478999759445,0.32627977032007177
0.20950044347919505,0.3573940545621155
0.35482287686970826,0.2666411353228743
0.30366236527533136,0.21250051833289663
0.28515816729624105,0.38584064469410806
0.2842221166071783,0.23250459764471035
0.2729803814200794,0.3652270657540771
0.33277250995734287,0.2921652130732804
0.21572235330363626,0.23950096640628724
0.33596636201310714,0.30420225673250206
0.20748168636295594,0.26600287156023644
0.23940654704541137,0.34461293044875474
0.29763105459157546,0.28740535300780656
0.3613120371113339,0.3560888420949875
0.25713417911105296,0.22855229882728512
0.2099373901903024,0.3165282865864885
0.22445680543904592,0.3049101143648145
0.3108000936387887,0.2093151198558698
0.29703022571268,0.32311865553577834
0.33645434501323906,0.22148854137395263
0.39854084538703194,0.34044110559833873
0.21140823172244871,0.26485721710671034
0.39573105308815426,0.36062259857112067
0.3327626584021698,0.3569273071676615
0.21690834437091283,0.30614235086210995
0.36300844571810414,0.225651519979712
0.21366643094948246,0.29579071648484073
0.38684261989230134,0.329632023253433
0.3827976163264363,0.26849012151119805
0.2784848777674157,0.2958863580829383
0.3078455893237379,0.2748600287876888
0.3459180365269793,0.2840766578228802
0.32352122162274316,0.2695091254361966
0.26547783392431795,0.205602246544756
0.3109211118951679,0.2335548646907605
0.3937378856891216,0.2856071328931727
0.22931099330606766,0.33289751426103
0.26476990829102753,0.3724781794389368
0.23702258845510774,0.27145517148853804
0.3132093734353956,0.20373101302875998
0.20437808090774312,0.38063813889927633
0.2375073356491935,0.32475146880473016
0.37291590450316103,0.3258161777546723
0.25597451563960505,0.36247550141465673
0.29023531008175885,0.3454256136044447
0.3335401179508465,0.3068498896841498
0.3917878013464363,0.3959164144018935
0.21729465010845442,0.3003014978221146
0.37665696415355593,0.26471684412385493
0.23168312823609302,0.39662322115540244
0.2078015249075943,0.3050261931374192
0.327258551882755,0.38151587941325515
0.33266471812499687,0.20219705319916104
0.3080025777835477,0.2902253986696767
0.29287355943757604,0.205595146471134
0.21131580064225094,0.3702267638280482
0.3806089790223779,0.2831368105862194
0.24151183318403807,0.31180836746252305
0.2735882773058262,0.3744419549412854
0.2596713006145082,0.398467221708075
0.20104893953551392,0.3023044981707247
0.3586287449815216,0.315983392709449
0.3314283194019757,0.2050861412251802
0.21170687043353967,0.25347492946743594
0.25198729185679725,0.20851885142461446
0.28713899784939584,0.34572918784624374
0.20919147591639223,0.3757875754191113
0.2427909604550209,0.32514273183261844
0.3673585952140813,0.38673159509300853
0.3004559335339285,0.2740980462155334
0.2432074275096491,0.31331531095088705
0.2636563253663385,0.26341325553625317
0.215003880438633,0.26553272562051977
0.3131142306498957,0.3487959156277979
0.23867495789164375,0.28601928625097967
0.252201519359744,0.21347450072148677
0.39554393121531006,0.26522392421170476
0.235857936490538,0.2486087513076581
0.2426676638030269,0.3740455815803179
0.2660722586334186,0.33670294179517524
0.3129265119781439,0.237580412282407
0.2578553602912056,0.34591213557267864
0.22091035701404454,0.24086344768416312
0.2700178186608909,0.2773763845803676
0.20726623996828397,0.23199125215943495
0.20276689123041358,0.2946490508065085
0.3629417907634954,0.2874048742704759
0.26196778339238036,0.3278963191867602
0.3970582560728929,0.2067527049785732
0.3236879988474374,0.2904338340713305
0.26965584025534245,0.3884878399563123
0.39588752351206535,0.21533854579647327
0.2680190121261155,0.34741414446537067
0.36904799396156296,0.237288714999454
0.25830569177817087,0.26454790922769267
0.2732930141922364,0.3421179989847989
0.22000095165084382,0.29870711272279654
0.2773660419054951,0.3152397654275096
0.20872083033638408,0.3935698911307679
0.39296962675667935,0.24386628714856334
0.38374369698568117,0.355531999574467
0.2589439874263578,0.2983945076189968
0.2662515155927668,0.25219580622009036
0.23615228409943195,0.3060392715251188
0.2945004390698996,0.33344527189994244
0.2003721200972747,0.28828289444437794
0.31415539289102706,0.3321674925780076
0.33364230721801436,0.3358152919689218
0.24533027878617616,0.3536484703971868
0.36212929051924764,0.3891534785522631
0.23937803055379386,0.2992957370584678
0.27284951801269103,0.32730288603603325
0.32382404297086415,0.344210639292154
0.25900558897834186,0.2729554783959677
0.23390643860380195,0.31206369541995727
0.3111448593518306,0.3110741493258424
0.21329482181035975,0.27176039138695185
0.3786996736602142,0.3530148504616978
0.38111577311455447,0.2768370808797257
0.2101004190894087,0.29917568918770593
0.3005244662414561,0.3512813306944469
0.20647179928115936,0.3788943623866032
0.36223999246082395,0.2650681382779935
0.25725184179832095,0.3233290535123077
0.35162195660728596,0.25765647190542934
0.2725461676642321,0.37352374724328047
0.2877263393790278,0.3492134992265945
0.26456908985545036,0.2673788581264548
0.2649525040510442,0.30740721161395035
0.2776025556321956,0.24029162611496577
0.33866837511233,0.38449392112568254
0.24225049092884737,0.31291141836636105
0.33826852674676056,0.27753865336350025
0.372148115963966,0.23787295399127847
0.22001384240175353,0.2942147210667741
0.20988677108150028,0.2798355948096459
0.20956131383528748,0.24573407652251594
0.23059555724904787,0.3313841542585632
0.39671693941993913,0.3011975147335805
0.3577208492759511,0.2118167760252166
0.21828326784396704,0.21457977043938922
0.2212358522951203,0.3739934966106928
0.35188107421754605,0.2643070003367366
0.2202222622496899,0.3784217879842859
0.2940849037721044,0.20583516788260278
0.21631118065143498,0.23604513955333373
0.2754649107578814,0.22390598435906417
0.20624746910839745,0.34092817823502175
0.3870498364797015,0.2298353574056173
0.36561963944557485,0.3257492690869701
0.25512969556409126,0.35130666630274493
0.35801794292946154,0.2897437274112478
0.23728063552022471,0.3809853100452174
0.38703187174895065,0.3960141284313602
0.250658928729674,0.2766697679534177
0.22843925114064212,0.22884825192909763
0.37659817217041186,0.37589385747745635
0.21080685154686923,0.37271143310060306
0.3416111064536739,0.37641608638462537
0.3527905326672375,0.3690269266606926
0.31434734013933974,0.339274345627424
0.259115695390288,0.33798312220485704
0.26508059793525135,0.31754297146310345
0.34371631616192344,0.3257147699132257
0.3853867369082853,0.31058714074834437
0.2962746896849375,0.31473555835410205
0.282635883567223,0.2696195337678441
0.32517805667171534,0.31545708643906717
0.37257401475863,0.21219776274184105
0.3963044857844742,0.3869365246457578
0.23094953581369485,0.31846570174485694
0.26222840481751086,0.25051481193426683
0.3476290378417074,0.34639528311869805
0.2519703480909922,0.3813307072578105
0.270802041054189,0.340573901976431
0.3361584765832031,0.24827495836478644
0.2663343440006749,0.3449129579714459
0.23736379779845918,0.34912387412963686
0.25104242213434586,0.2733474714686468
0.25192021590211944,0.21903832636633455
0.25581233927182956,0.2007699616381633
0.3457535765962976,0.23622666655123717
0.28747061718377226,0.3577155903279091
0.3635607325963296,0.34329880504928745
0.3275716686742337,0.20323617644410774
0.36199881030355546,0.3278021620168625
0.30209335804071813,0.3379512263114036
0.32670780586019,0.31652720097169035
0.22876374230108654,0.37430248976030656
0.2889557293465005,0.22981350562111014
0.23968407431707117,0.3310238659424485
0.3160321963958697,0.3985109602344362
0.2901337987567644,0.21266142974108232
0.24985407125599446,0.38560751267206655
0.35487172772743425,0.33055542289204914
0.3839682072883234,0.35838167387562503
0.23664065868662856,0.3030499206275704
0.21683787076584793,0.20837473439291815
0.30728298613075294,0.22990878996376282
0.34605534940464244,0.22434856490124214
0.3713388434516659,0.2546805825288993
0.3662360333074085,0.20723078518232546
0.3489229769402117,0.24541552698896826
0.3241065639912262,0.2733466267829077
0.2027380034477498,0.32896140854027855
0.3816007435578845,0.29778752049961743
0.2707827417817299,0.21452584175327244
0.33950052708206435,0.34660444825828796
0.32660755642584105,0.3733905860247179
0.23328866109571067,0.20580626480586642
0.27150029434313294,0.35755615235744925
0.34363343194074464,0.342907064305464
0.3889175653646435,0.3695572687171624
0.25421258105803224,0.2931722596233932
0.37369010571074124,0.2519644105041664
0.24980099050074356,0.2371181699114896
0.21485420024074992,0.28491703941729085
0.36748898961380183,0.3232573444100574
0.3820674704651513,0.37420354934292444
0.37534459864176606,0.3679551598040909
0.20155509401148106,0.3962779649985833
0.3503250932064107,0.21036054382361868
0.221812209869034,0.3687447539720448
0.2942067775416623,0.3100666311709084
0.3316476134932399,0.23704585901567155
0.2059635245970761,0.27942755285370835
0.21997051022995626,0.3451437137948082
0.3143184213158349,0.3759481908341006
0.2185792180524963,0.30388832742610244
0.2653732204782904,0.2993968972599171
0.290828973466869,0.2540847924354879
0.2072580958103198,0.3261030792117499
0.24560786096795098,0.36603489172407633
0.20846432644850918,0.25670929196569675
0.39357324545667066,0.39223003064715195
0.27712812118389624,0.38206984732347093
0.3471627798135466,0.26401738671054475
0.2990459437967614,0.24615099367471582
0.27448252329271605,0.39427037485924754
0.24147638365409774,0.2613790896029922
0.2068093148755313,0.2503224435777381
0.35542943841316876,0.2773795113338321
0.20718288227698747,0.3312212266266581
0.24432344428438055,0.2846933056580135
0.3528104799680119,0.35593134713856855
0.26495209925836316,0.2045130526504562
0.3062522069706342,0.35493760902361526
0.37663481081329914,0.3663624856663735
0.35755649416291047,0.32655584601786114
0.2070188407995912,0.34623699645972417
0.25388498591394393,0.21649236356890753
0.3006684997970341,0.27109533263881397
0.3408516999582146,0.30118817605054754
0.2152009989412289,0.3169735345055356
0.34429915306881353,0.3060573442549761
0.39098225140036014,0.3432810687605927
0.2724717856293021,0.34814503000018704
0.2527755040390913,0.22664716751046088
0.20480062754615938,0.38956325041060114
0.2308805451294225,0.29915320042420884
0.2230677279251616,0.3255510682567563
0.35830742979668356,0.37833070708899874
0.22141235595318648,0.21032849164808032
0.36915240868337407,0.2993883852540844
0.2888705349429992,0.24861489559376393
0.2246306053403976,0.26305738470176443
0.3808887344515855,0.2970333240306393
0.3822309536411879,0.315065732578003
0.2619089069091698,0.3828821341423644
0.3259927964459057,0.21054530629131674
0.23730833924904546,0.35310158261195745
0.2699714448412486,0.2404120646719653
0.3651780184686375,0.2319095825374904
0.22586513569354344,0.3743671068986696
0.38056858502709223,0.3549627921658531
0.23374716636580165,0.2947439786496475
0.3041776347272276,0.3376103145019794
0.33083322458279885,0.2540257090903483
0.3274080033043647,0.3176822005470166
0.3818812145539814,0.23660484022845577
0.23360313070380317,0.20393713921384213
0.20257477356024167,0.348677192351051
0.3841977065713966,0.3241858027910529
0.3112917652082684,0.3033601320162232
0.36877767091563307,0.23199275909748934
0.20291624406826594,0.3621018907156742
0.2976544476103371,0.23336456215661494
0.298390572332195,0.3894754167001779
0.3847716930228161,0.3892661021844487
0.3090245963066772,0.32037789189709975
0.2028327924071333,0.3575826299108969
0.2689520342526238,0.3591917797626629
0.35401157090293184,0.30802511371771363
0.38360085697490276,0.36120272278614207
0.35202856150025164,0.396344187221845
0.3184859158820463,0.3547307042645849
0.26794331173672564,0.31293608993322747
0.2887315193681396,0.27844761143195007
0.22604617251102566,0.3779515888555629
0.3139937370164203,0.23660195060913367
0.2956312221308356,0.31526543400080664
0.30592247324286526,0.3110237959668754
0.2995195563896984,0.23010962947567237
0.36026722703108943,0.3812081066466458
0.34718463312305403,0.3514911781977678
0.31209077739915225,0.321720598276123
0.34784866142515847,0.2381240031127616
0.3082725704012577,0.22995166618731955
0.3151865947581016,0.3594058973569252
0.2770658855522069,0.2950855862237691
0.39562364218012624,0.27105218185955304
0.2093273502221887,0.38385462905955714
0.36510777737042927,0.3932763442685021
0.24077435347671283,0.34166476282173563
0.37830830054808273,0.33548831846312427
0.3161036732973126,0.37975308440091293
0.2524787602503131,0.3721958885545007
0.2121889373297504,0.3504310874924193
0.31819700130858486,0.20370865278818642
0.30028791466334753,0.30475296332946145
0.26091894150849787,0.22245292186290577
0.3529427945917927,0.34290282400564076
0.28595734856693134,0.3935389614673471
0.2132723868900829,0.3594827130062849
0.22445467118325346,0.25060573724589846
0.2032116642060683,0.20864917281931142
0.3136069616554364,0.2584629917397636
0.32589216314465586,0.2046976852515097
0.3480978013979604,0.3702433688984632
0.3589951560782978,0.37410889442442935
0.286834941303963,0.284548678883749
0.2956871827789441,0.38517897957590896
0.26237030528957556,0.3394301452235565
0.27069400169798985,0.304585889236507
0.28062613780238443,0.38324785010126794
0.24635969859654222,0.32046949869395935
0.3346668672783222,0.25045708380802256
0.3697835715467841,0.38955788985960593
0.21602916698341634,0.20991611198629664
0.3767049309850146,0.37560420520969473
0.23816111632583473,0.379632832307368
0.297386938567711,0.3992102824203889
0.24638295864501167,0.30960579516146913
